platform,flush_type,operation,access_pattern,io_size(B),blcok_size(B),data_space_size(MB),count,throughput(op/s),bandwidth(MB),avg_latency(ns)
PMEM,nt,write,sequential,8,131072,14336,114688,1383110,10,723.008
PMEM,nt,write,sequential,8,135168,14336,111212,1659739,12,602.504
PMEM,nt,write,sequential,8,1048576,14336,14336,1380913,10,724.158
PMEM,nt,write,sequential,8,1052672,14336,14280,1709428,13,584.991
PMEM,nt,write,sequential,16,131072,14336,114688,1386452,21,721.265
PMEM,nt,write,sequential,16,135168,14336,111212,1606906,24,622.314
PMEM,nt,write,sequential,16,1048576,14336,14336,1382646,21,723.25
PMEM,nt,write,sequential,16,1052672,14336,14280,1717215,26,582.338
PMEM,nt,write,sequential,32,131072,14336,114688,1384093,42,722.494
PMEM,nt,write,sequential,32,135168,14336,111212,1581276,48,632.4
PMEM,nt,write,sequential,32,1048576,14336,14336,1384695,42,722.181
PMEM,nt,write,sequential,32,1052672,14336,14280,1704361,52,586.73
PMEM,nt,write,sequential,64,131072,14336,114688,1962119,119,509.653
PMEM,nt,write,sequential,64,135168,14336,111212,3071775,187,325.545
PMEM,nt,write,sequential,64,1048576,14336,14336,1909572,116,523.677
PMEM,nt,write,sequential,64,1052672,14336,14280,3250530,198,307.642
PMEM,nt,write,sequential,128,131072,14336,114688,1932734,235,517.402
PMEM,nt,write,sequential,128,135168,14336,111212,2957136,360,338.165
PMEM,nt,write,sequential,128,1048576,14336,14336,1883893,229,530.816
PMEM,nt,write,sequential,128,1052672,14336,14280,3175708,387,314.89
PMEM,nt,write,sequential,256,131072,14336,114688,1727340,421,578.925
PMEM,nt,write,sequential,256,135168,14336,111212,2858532,697,349.83
PMEM,nt,write,sequential,256,1048576,14336,14336,1709013,417,585.133
PMEM,nt,write,sequential,256,1052672,14336,14280,2973272,725,336.33
PMEM,nt,write,sequential,512,131072,14336,114688,1546893,755,646.457
PMEM,nt,write,sequential,512,135168,14336,111212,2684170,1310,372.555
PMEM,nt,write,sequential,512,1048576,14336,14336,1524820,744,655.815
PMEM,nt,write,sequential,512,1052672,14336,14280,2762293,1348,362.018
PMEM,nt,write,sequential,1024,131072,14336,114688,1286890,1256,777.067
PMEM,nt,write,sequential,1024,135168,14336,111212,2251825,2199,444.084
PMEM,nt,write,sequential,1024,1048576,14336,14336,1280555,1250,780.911
PMEM,nt,write,sequential,1024,1052672,14336,14280,2297292,2243,435.295
PMEM,nt,write,sequential,2048,131072,14336,114688,703991,1374,1420.47
PMEM,nt,write,sequential,2048,135168,14336,111212,1264192,2469,791.019
PMEM,nt,write,sequential,2048,1048576,14336,14336,699535,1366,1429.52
PMEM,nt,write,sequential,2048,1052672,14336,14280,1274131,2488,784.848
PMEM,nt,write,sequential,4096,131072,14336,114688,634471,2478,1576.12
PMEM,nt,write,sequential,4096,135168,14336,111212,806030,3148,1240.65
PMEM,nt,write,sequential,4096,1048576,14336,14336,634797,2479,1575.31
PMEM,nt,write,sequential,4096,1052672,14336,14280,806820,3151,1239.43
PMEM,nt,write,sequential,8192,131072,14336,114688,443347,3463,2255.57
PMEM,nt,write,sequential,8192,135168,14336,111212,397813,3107,2513.74
PMEM,nt,write,sequential,8192,1048576,14336,14336,413092,3227,2420.77
PMEM,nt,write,sequential,8192,1052672,14336,14280,392402,3065,2548.41
PMEM,nt,write,sequential,16384,131072,14336,114688,214479,3351,4662.46
PMEM,nt,write,sequential,16384,135168,14336,111212,223094,3485,4482.4
PMEM,nt,write,sequential,16384,1048576,14336,14336,245212,3831,4078.1
PMEM,nt,write,sequential,16384,1052672,14336,14280,235641,3681,4243.74
PMEM,nt,write,sequential,32768,131072,14336,114688,125410,3919,7973.81
PMEM,nt,write,sequential,32768,135168,14336,111212,118204,3693,8459.94
PMEM,nt,write,sequential,32768,1048576,14336,14336,120516,3766,8297.62
PMEM,nt,write,sequential,32768,1052672,14336,14280,117502,3671,8510.43
PMEM,nt,write,sequential,65536,131072,14336,114688,62294,3893,16052.9
PMEM,nt,write,sequential,65536,135168,14336,111212,61168,3823,16348.2
PMEM,nt,write,sequential,65536,1048576,14336,14336,63784,3986,15677.7
PMEM,nt,write,sequential,65536,1052672,14336,14280,63954,3997,15636
PMEM,t,write,sequential,8,131072,14336,114688,1619976,12,617.293
PMEM,t,write,sequential,8,135168,14336,111212,2661628,20,375.71
PMEM,t,write,sequential,8,1048576,14336,14336,1593029,12,627.735
PMEM,t,write,sequential,8,1052672,14336,14280,2654193,20,376.762
PMEM,t,write,sequential,16,131072,14336,114688,1620535,24,617.08
PMEM,t,write,sequential,16,135168,14336,111212,2658843,40,376.103
PMEM,t,write,sequential,16,1048576,14336,14336,1593118,24,627.7
PMEM,t,write,sequential,16,1052672,14336,14280,2645392,40,378.016
PMEM,t,write,sequential,32,131072,14336,114688,1620598,49,617.056
PMEM,t,write,sequential,32,135168,14336,111212,2661504,81,375.727
PMEM,t,write,sequential,32,1048576,14336,14336,1596333,48,626.436
PMEM,t,write,sequential,32,1052672,14336,14280,2612902,79,382.716
PMEM,t,write,sequential,64,131072,14336,114688,1959934,119,510.221
PMEM,t,write,sequential,64,135168,14336,111212,3192107,194,313.273
PMEM,t,write,sequential,64,1048576,14336,14336,1925733,117,519.283
PMEM,t,write,sequential,64,1052672,14336,14280,3193445,194,313.141
PMEM,t,write,sequential,128,131072,14336,114688,1930014,235,518.131
PMEM,t,write,sequential,128,135168,14336,111212,2629695,321,380.272
PMEM,t,write,sequential,128,1048576,14336,14336,1903995,232,525.211
PMEM,t,write,sequential,128,1052672,14336,14280,2557578,312,390.995
PMEM,t,write,sequential,256,131072,14336,114688,1630761,398,613.21
PMEM,t,write,sequential,256,135168,14336,111212,2398590,585,416.911
PMEM,t,write,sequential,256,1048576,14336,14336,1605766,392,622.756
PMEM,t,write,sequential,256,1052672,14336,14280,2393362,584,417.822
PMEM,t,write,sequential,512,131072,14336,114688,1185261,578,843.696
PMEM,t,write,sequential,512,135168,14336,111212,1500365,732,666.504
PMEM,t,write,sequential,512,1048576,14336,14336,1180276,576,847.259
PMEM,t,write,sequential,512,1052672,14336,14280,1520769,742,657.562
PMEM,t,write,sequential,1024,131072,14336,114688,857708,837,1165.9
PMEM,t,write,sequential,1024,135168,14336,111212,1176477,1148,849.995
PMEM,t,write,sequential,1024,1048576,14336,14336,862896,842,1158.89
PMEM,t,write,sequential,1024,1052672,14336,14280,1193204,1165,838.079
PMEM,t,write,sequential,2048,131072,14336,114688,543268,1061,1840.71
PMEM,t,write,sequential,2048,135168,14336,111212,753781,1472,1326.64
PMEM,t,write,sequential,2048,1048576,14336,14336,537962,1050,1858.86
PMEM,t,write,sequential,2048,1052672,14336,14280,750149,1465,1333.07
PMEM,t,write,sequential,4096,131072,14336,114688,374739,1463,2668.52
PMEM,t,write,sequential,4096,135168,14336,111212,424421,1657,2356.15
PMEM,t,write,sequential,4096,1048576,14336,14336,370231,1446,2701.01
PMEM,t,write,sequential,4096,1052672,14336,14280,429691,1678,2327.25
PMEM,t,write,sequential,8192,131072,14336,114688,227744,1779,4390.88
PMEM,t,write,sequential,8192,135168,14336,111212,203998,1593,4901.99
PMEM,t,write,sequential,8192,1048576,14336,14336,218223,1704,4582.46
PMEM,t,write,sequential,8192,1052672,14336,14280,205489,1605,4866.44
PMEM,t,write,sequential,16384,131072,14336,114688,118060,1844,8470.23
PMEM,t,write,sequential,16384,135168,14336,111212,112165,1752,8915.4
PMEM,t,write,sequential,16384,1048576,14336,14336,117137,1830,8536.98
PMEM,t,write,sequential,16384,1052672,14336,14280,111401,1740,8976.51
PMEM,t,write,sequential,32768,131072,14336,114688,59703,1865,16749.5
PMEM,t,write,sequential,32768,135168,14336,111212,58287,1821,17156.3
PMEM,t,write,sequential,32768,1048576,14336,14336,59445,1857,16822.1
PMEM,t,write,sequential,32768,1052672,14336,14280,58290,1821,17155.4
PMEM,t,write,sequential,65536,131072,14336,114688,28646,1790,34908.8
PMEM,t,write,sequential,65536,135168,14336,111212,28343,1771,35282.1
PMEM,t,write,sequential,65536,1048576,14336,14336,28576,1786,34993.9
PMEM,t,write,sequential,65536,1052672,14336,14280,28294,1768,35342.1
PMEM,nt,write,random,8,131072,14336,114688,1476188,11,677.42
PMEM,nt,write,random,8,135168,14336,111212,1700862,12,587.937
PMEM,nt,write,random,8,1048576,14336,14336,1471088,11,679.769
PMEM,nt,write,random,8,1052672,14336,14280,1736280,13,575.944
PMEM,nt,write,random,16,131072,14336,114688,1477198,22,676.957
PMEM,nt,write,random,16,135168,14336,111212,1704074,26,586.829
PMEM,nt,write,random,16,1048576,14336,14336,1471155,22,679.738
PMEM,nt,write,random,16,1052672,14336,14280,1755069,26,569.778
PMEM,nt,write,random,32,131072,14336,114688,1476736,45,677.169
PMEM,nt,write,random,32,135168,14336,111212,1705044,52,586.495
PMEM,nt,write,random,32,1048576,14336,14336,1474875,45,678.023
PMEM,nt,write,random,32,1052672,14336,14280,1754165,53,570.072
PMEM,nt,write,random,64,131072,14336,114688,1962061,119,509.668
PMEM,nt,write,random,64,135168,14336,111212,3172570,193,315.202
PMEM,nt,write,random,64,1048576,14336,14336,1919590,117,520.944
PMEM,nt,write,random,64,1052672,14336,14280,3214500,196,311.09
PMEM,nt,write,random,128,131072,14336,114688,1924217,234,519.692
PMEM,nt,write,random,128,135168,14336,111212,3048346,372,328.047
PMEM,nt,write,random,128,1048576,14336,14336,1870423,228,534.638
PMEM,nt,write,random,128,1052672,14336,14280,3074917,375,325.212
PMEM,nt,write,random,256,131072,14336,114688,1720320,420,581.287
PMEM,nt,write,random,256,135168,14336,111212,2819086,688,354.725
PMEM,nt,write,random,256,1048576,14336,14336,1683201,410,594.106
PMEM,nt,write,random,256,1052672,14336,14280,2870489,700,348.373
PMEM,nt,write,random,512,131072,14336,114688,1544197,754,647.586
PMEM,nt,write,random,512,135168,14336,111212,2570276,1255,389.063
PMEM,nt,write,random,512,1048576,14336,14336,1520457,742,657.697
PMEM,nt,write,random,512,1052672,14336,14280,2602348,1270,384.268
PMEM,nt,write,random,1024,131072,14336,114688,1282085,1252,779.979
PMEM,nt,write,random,1024,135168,14336,111212,2018737,1971,495.359
PMEM,nt,write,random,1024,1048576,14336,14336,1255865,1226,796.264
PMEM,nt,write,random,1024,1052672,14336,14280,2020824,1973,494.848
PMEM,nt,write,random,2048,131072,14336,114688,702704,1372,1423.07
PMEM,nt,write,random,2048,135168,14336,111212,1071337,2092,933.413
PMEM,nt,write,random,2048,1048576,14336,14336,698041,1363,1432.58
PMEM,nt,write,random,2048,1052672,14336,14280,1077303,2104,928.244
PMEM,nt,write,random,4096,131072,14336,114688,634074,2476,1577.1
PMEM,nt,write,random,4096,135168,14336,111212,702404,2743,1423.68
PMEM,nt,write,random,4096,1048576,14336,14336,636319,2485,1571.54
PMEM,nt,write,random,4096,1052672,14336,14280,720911,2816,1387.13
PMEM,nt,write,random,8192,131072,14336,114688,443115,3461,2256.75
PMEM,nt,write,random,8192,135168,14336,111212,416032,3250,2403.66
PMEM,nt,write,random,8192,1048576,14336,14336,412144,3219,2426.33
PMEM,nt,write,random,8192,1052672,14336,14280,400610,3129,2496.19
PMEM,nt,write,random,16384,131072,14336,114688,213548,3336,4682.78
PMEM,nt,write,random,16384,135168,14336,111212,223150,3486,4481.28
PMEM,nt,write,random,16384,1048576,14336,14336,245895,3842,4066.76
PMEM,nt,write,random,16384,1052672,14336,14280,238170,3721,4198.67
PMEM,nt,write,random,32768,131072,14336,114688,125073,3908,7995.31
PMEM,nt,write,random,32768,135168,14336,111212,119552,3736,8364.56
PMEM,nt,write,random,32768,1048576,14336,14336,121415,3794,8236.19
PMEM,nt,write,random,32768,1052672,14336,14280,118836,3713,8414.93
PMEM,nt,write,random,65536,131072,14336,114688,63130,3945,15840.2
PMEM,nt,write,random,65536,135168,14336,111212,61117,3819,16362
PMEM,nt,write,random,65536,1048576,14336,14336,64739,4046,15446.6
PMEM,nt,write,random,65536,1052672,14336,14280,64854,4053,15419.1
PMEM,t,write,random,8,131072,14336,114688,1622120,12,616.477
PMEM,t,write,random,8,135168,14336,111212,2642202,20,378.472
PMEM,t,write,random,8,1048576,14336,14336,1599810,12,625.074
PMEM,t,write,random,8,1052672,14336,14280,2627132,20,380.643
PMEM,t,write,random,16,131072,14336,114688,1621268,24,616.801
PMEM,t,write,random,16,135168,14336,111212,2626217,40,380.776
PMEM,t,write,random,16,1048576,14336,14336,1601243,24,624.515
PMEM,t,write,random,16,1052672,14336,14280,2639713,40,378.829
PMEM,t,write,random,32,131072,14336,114688,1620597,49,617.056
PMEM,t,write,random,32,135168,14336,111212,2649371,80,377.448
PMEM,t,write,random,32,1048576,14336,14336,1595052,48,626.939
PMEM,t,write,random,32,1052672,14336,14280,2662159,81,375.635
PMEM,t,write,random,64,131072,14336,114688,1959609,119,510.306
PMEM,t,write,random,64,135168,14336,111212,3155020,192,316.955
PMEM,t,write,random,64,1048576,14336,14336,1933306,117,517.249
PMEM,t,write,random,64,1052672,14336,14280,3154467,192,317.011
PMEM,t,write,random,128,131072,14336,114688,1907383,232,524.278
PMEM,t,write,random,128,135168,14336,111212,2532462,309,394.873
PMEM,t,write,random,128,1048576,14336,14336,1874605,228,533.446
PMEM,t,write,random,128,1052672,14336,14280,2535119,309,394.459
PMEM,t,write,random,256,131072,14336,114688,1619962,395,617.298
PMEM,t,write,random,256,135168,14336,111212,2275451,555,439.473
PMEM,t,write,random,256,1048576,14336,14336,1607695,392,622.008
PMEM,t,write,random,256,1052672,14336,14280,2272664,554,440.012
PMEM,t,write,random,512,131072,14336,114688,1225506,598,815.989
PMEM,t,write,random,512,135168,14336,111212,1574941,769,634.944
PMEM,t,write,random,512,1048576,14336,14336,1226725,598,815.178
PMEM,t,write,random,512,1052672,14336,14280,1600144,781,624.944
PMEM,t,write,random,1024,131072,14336,114688,863731,843,1157.77
PMEM,t,write,random,1024,135168,14336,111212,1158979,1131,862.828
PMEM,t,write,random,1024,1048576,14336,14336,865388,845,1155.55
PMEM,t,write,random,1024,1052672,14336,14280,1158221,1131,863.393
PMEM,t,write,random,2048,131072,14336,114688,541864,1058,1845.48
PMEM,t,write,random,2048,135168,14336,111212,678545,1325,1473.74
PMEM,t,write,random,2048,1048576,14336,14336,540089,1054,1851.55
PMEM,t,write,random,2048,1052672,14336,14280,682793,1333,1464.57
PMEM,t,write,random,4096,131072,14336,114688,373625,1459,2676.47
PMEM,t,write,random,4096,135168,14336,111212,389609,1521,2566.67
PMEM,t,write,random,4096,1048576,14336,14336,373117,1457,2680.12
PMEM,t,write,random,4096,1052672,14336,14280,389201,1520,2569.36
PMEM,t,write,random,8192,131072,14336,114688,227627,1778,4393.15
PMEM,t,write,random,8192,135168,14336,111212,216581,1692,4617.2
PMEM,t,write,random,8192,1048576,14336,14336,218905,1710,4568.19
PMEM,t,write,random,8192,1052672,14336,14280,215536,1683,4639.59
PMEM,t,write,random,16384,131072,14336,114688,117519,1836,8509.2
PMEM,t,write,random,16384,135168,14336,111212,114635,1791,8723.29
PMEM,t,write,random,16384,1048576,14336,14336,117084,1829,8540.87
PMEM,t,write,random,16384,1052672,14336,14280,114741,1792,8715.26
PMEM,t,write,random,32768,131072,14336,114688,59499,1859,16806.8
PMEM,t,write,random,32768,135168,14336,111212,58673,1833,17043.6
PMEM,t,write,random,32768,1048576,14336,14336,59408,1856,16832.7
PMEM,t,write,random,32768,1052672,14336,14280,58641,1832,17052.8
PMEM,t,write,random,65536,131072,14336,114688,28609,1788,34952.9
PMEM,t,write,random,65536,135168,14336,111212,28473,1779,35120.9
PMEM,t,write,random,65536,1048576,14336,14336,28624,1789,34935
PMEM,t,write,random,65536,1052672,14336,14280,28381,1773,35234.5
PMEM,nt,read,sequential,8,131072,14336,114688,2547080,19,392.606
PMEM,nt,read,sequential,8,135168,14336,111212,2659568,20,376.001
PMEM,nt,read,sequential,8,1048576,14336,14336,2517692,19,397.189
PMEM,nt,read,sequential,8,1052672,14336,14280,2558550,19,390.846
PMEM,nt,read,sequential,16,131072,14336,114688,2541512,38,393.466
PMEM,nt,read,sequential,16,135168,14336,111212,2468111,37,405.168
PMEM,nt,read,sequential,16,1048576,14336,14336,2459589,37,406.572
PMEM,nt,read,sequential,16,1052672,14336,14280,2570749,39,388.992
PMEM,nt,read,sequential,32,131072,14336,114688,2508421,76,398.657
PMEM,nt,read,sequential,32,135168,14336,111212,2640821,80,378.67
PMEM,nt,read,sequential,32,1048576,14336,14336,2515384,76,397.554
PMEM,nt,read,sequential,32,1052672,14336,14280,2190821,66,456.45
PMEM,nt,read,sequential,64,131072,14336,114688,2523312,154,396.305
PMEM,nt,read,sequential,64,135168,14336,111212,2645070,161,378.062
PMEM,nt,read,sequential,64,1048576,14336,14336,2499535,152,400.074
PMEM,nt,read,sequential,64,1052672,14336,14280,2489639,151,401.665
PMEM,nt,read,sequential,128,131072,14336,114688,2347494,286,425.986
PMEM,nt,read,sequential,128,135168,14336,111212,2472416,301,404.463
PMEM,nt,read,sequential,128,1048576,14336,14336,2293373,279,436.039
PMEM,nt,read,sequential,128,1052672,14336,14280,2360532,288,423.633
PMEM,nt,read,sequential,256,131072,14336,114688,2324014,567,430.29
PMEM,nt,read,sequential,256,135168,14336,111212,2250361,549,444.373
PMEM,nt,read,sequential,256,1048576,14336,14336,2296598,560,435.427
PMEM,nt,read,sequential,256,1052672,14336,14280,2338549,570,427.615
PMEM,nt,read,sequential,512,131072,14336,114688,2195788,1072,455.417
PMEM,nt,read,sequential,512,135168,14336,111212,2251347,1099,444.178
PMEM,nt,read,sequential,512,1048576,14336,14336,2126694,1038,470.213
PMEM,nt,read,sequential,512,1052672,14336,14280,1965417,959,508.798
PMEM,nt,read,sequential,1024,131072,14336,114688,1793937,1751,557.433
PMEM,nt,read,sequential,1024,135168,14336,111212,1935007,1889,516.794
PMEM,nt,read,sequential,1024,1048576,14336,14336,1783822,1742,560.594
PMEM,nt,read,sequential,1024,1052672,14336,14280,1927149,1881,518.901
PMEM,nt,read,sequential,2048,131072,14336,114688,1202459,2348,831.629
PMEM,nt,read,sequential,2048,135168,14336,111212,1199918,2343,833.39
PMEM,nt,read,sequential,2048,1048576,14336,14336,1191078,2326,839.575
PMEM,nt,read,sequential,2048,1052672,14336,14280,1226721,2395,815.181
PMEM,nt,read,sequential,4096,131072,14336,114688,681267,2661,1467.85
PMEM,nt,read,sequential,4096,135168,14336,111212,674083,2633,1483.5
PMEM,nt,read,sequential,4096,1048576,14336,14336,672126,2625,1487.81
PMEM,nt,read,sequential,4096,1052672,14336,14280,669203,2614,1494.31
PMEM,nt,read,sequential,8192,131072,14336,114688,395523,3090,2528.3
PMEM,nt,read,sequential,8192,135168,14336,111212,397293,3103,2517.03
PMEM,nt,read,sequential,8192,1048576,14336,14336,393921,3077,2538.57
PMEM,nt,read,sequential,8192,1052672,14336,14280,395150,3087,2530.68
PMEM,nt,read,sequential,16384,131072,14336,114688,182392,2849,5482.67
PMEM,nt,read,sequential,16384,135168,14336,111212,182521,2851,5478.82
PMEM,nt,read,sequential,16384,1048576,14336,14336,180459,2819,5541.4
PMEM,nt,read,sequential,16384,1052672,14336,14280,181709,2839,5503.28
PMEM,nt,read,sequential,32768,131072,14336,114688,90824,2838,11010.2
PMEM,nt,read,sequential,32768,135168,14336,111212,90560,2830,11042.4
PMEM,nt,read,sequential,32768,1048576,14336,14336,90728,2835,11021.9
PMEM,nt,read,sequential,32768,1052672,14336,14280,90342,2823,11069
PMEM,nt,read,sequential,65536,131072,14336,114688,46083,2880,21699.8
PMEM,nt,read,sequential,65536,135168,14336,111212,46167,2885,21660.3
PMEM,nt,read,sequential,65536,1048576,14336,14336,46090,2880,21696.4
PMEM,nt,read,sequential,65536,1052672,14336,14280,46023,2876,21727.8
PMEM,t,read,sequential,8,131072,14336,114688,2554568,19,391.456
PMEM,t,read,sequential,8,135168,14336,111212,2477797,18,403.584
PMEM,t,read,sequential,8,1048576,14336,14336,2518877,19,397.002
PMEM,t,read,sequential,8,1052672,14336,14280,2598068,19,384.901
PMEM,t,read,sequential,16,131072,14336,114688,2532325,38,394.894
PMEM,t,read,sequential,16,135168,14336,111212,2662970,40,375.52
PMEM,t,read,sequential,16,1048576,14336,14336,2507157,38,398.858
PMEM,t,read,sequential,16,1052672,14336,14280,2540224,38,393.666
PMEM,t,read,sequential,32,131072,14336,114688,2530314,77,395.208
PMEM,t,read,sequential,32,135168,14336,111212,2473198,75,404.335
PMEM,t,read,sequential,32,1048576,14336,14336,2463074,75,405.997
PMEM,t,read,sequential,32,1052672,14336,14280,2567607,78,389.468
PMEM,t,read,sequential,64,131072,14336,114688,2528255,154,395.53
PMEM,t,read,sequential,64,135168,14336,111212,2456256,149,407.124
PMEM,t,read,sequential,64,1048576,14336,14336,2503267,152,399.478
PMEM,t,read,sequential,64,1052672,14336,14280,2489596,151,401.671
PMEM,t,read,sequential,128,131072,14336,114688,2337063,285,427.887
PMEM,t,read,sequential,128,135168,14336,111212,2453006,299,407.663
PMEM,t,read,sequential,128,1048576,14336,14336,2284442,278,437.744
PMEM,t,read,sequential,128,1052672,14336,14280,2363401,288,423.119
PMEM,t,read,sequential,256,131072,14336,114688,2312673,564,432.4
PMEM,t,read,sequential,256,135168,14336,111212,2400038,585,416.66
PMEM,t,read,sequential,256,1048576,14336,14336,2308685,563,433.147
PMEM,t,read,sequential,256,1052672,14336,14280,2335703,570,428.137
PMEM,t,read,sequential,512,131072,14336,114688,2189204,1068,456.787
PMEM,t,read,sequential,512,135168,14336,111212,2155261,1052,463.981
PMEM,t,read,sequential,512,1048576,14336,14336,2137449,1043,467.847
PMEM,t,read,sequential,512,1052672,14336,14280,2252407,1099,443.969
PMEM,t,read,sequential,1024,131072,14336,114688,1798782,1756,555.932
PMEM,t,read,sequential,1024,135168,14336,111212,1944498,1898,514.271
PMEM,t,read,sequential,1024,1048576,14336,14336,1775658,1734,563.171
PMEM,t,read,sequential,1024,1052672,14336,14280,1936485,1891,516.399
PMEM,t,read,sequential,2048,131072,14336,114688,1202605,2348,831.528
PMEM,t,read,sequential,2048,135168,14336,111212,1208570,2360,827.424
PMEM,t,read,sequential,2048,1048576,14336,14336,1200904,2345,832.705
PMEM,t,read,sequential,2048,1052672,14336,14280,1212059,2367,825.042
PMEM,t,read,sequential,4096,131072,14336,114688,681601,2662,1467.13
PMEM,t,read,sequential,4096,135168,14336,111212,670392,2618,1491.66
PMEM,t,read,sequential,4096,1048576,14336,14336,675141,2637,1481.17
PMEM,t,read,sequential,4096,1052672,14336,14280,670559,2619,1491.29
PMEM,t,read,sequential,8192,131072,14336,114688,394578,3082,2534.35
PMEM,t,read,sequential,8192,135168,14336,111212,395842,3092,2526.26
PMEM,t,read,sequential,8192,1048576,14336,14336,392901,3069,2545.16
PMEM,t,read,sequential,8192,1052672,14336,14280,394087,3078,2537.5
PMEM,t,read,sequential,16384,131072,14336,114688,182310,2848,5485.16
PMEM,t,read,sequential,16384,135168,14336,111212,182350,2849,5483.94
PMEM,t,read,sequential,16384,1048576,14336,14336,179955,2811,5556.93
PMEM,t,read,sequential,16384,1052672,14336,14280,180497,2820,5540.24
PMEM,t,read,sequential,32768,131072,14336,114688,91077,2846,10979.7
PMEM,t,read,sequential,32768,135168,14336,111212,90905,2840,11000.4
PMEM,t,read,sequential,32768,1048576,14336,14336,90731,2835,11021.5
PMEM,t,read,sequential,32768,1052672,14336,14280,90816,2838,11011.2
PMEM,t,read,sequential,65536,131072,14336,114688,46131,2883,21677.1
PMEM,t,read,sequential,65536,135168,14336,111212,46041,2877,21719.6
PMEM,t,read,sequential,65536,1048576,14336,14336,45873,2867,21799.2
PMEM,t,read,sequential,65536,1052672,14336,14280,46003,2875,21737.6
PMEM,nt,read,random,8,131072,14336,114688,2455848,18,407.191
PMEM,nt,read,random,8,135168,14336,111212,2410697,18,414.818
PMEM,nt,read,random,8,1048576,14336,14336,2425079,18,412.358
PMEM,nt,read,random,8,1052672,14336,14280,2539805,19,393.731
PMEM,nt,read,random,16,131072,14336,114688,2453468,37,407.586
PMEM,nt,read,random,16,135168,14336,111212,2409128,36,415.088
PMEM,nt,read,random,16,1048576,14336,14336,2425341,37,412.313
PMEM,nt,read,random,16,1052672,14336,14280,2570354,39,389.051
PMEM,nt,read,random,32,131072,14336,114688,2434725,74,410.724
PMEM,nt,read,random,32,135168,14336,111212,2395710,73,417.413
PMEM,nt,read,random,32,1048576,14336,14336,2408600,73,415.179
PMEM,nt,read,random,32,1052672,14336,14280,2558318,78,390.882
PMEM,nt,read,random,64,131072,14336,114688,2437142,148,410.317
PMEM,nt,read,random,64,135168,14336,111212,2343952,143,426.63
PMEM,nt,read,random,64,1048576,14336,14336,2416562,147,413.811
PMEM,nt,read,random,64,1052672,14336,14280,2456413,149,407.098
PMEM,nt,read,random,128,131072,14336,114688,2278711,278,438.844
PMEM,nt,read,random,128,135168,14336,111212,2376076,290,420.862
PMEM,nt,read,random,128,1048576,14336,14336,2259745,275,442.528
PMEM,nt,read,random,128,1052672,14336,14280,2052671,250,487.17
PMEM,nt,read,random,256,131072,14336,114688,2294193,560,435.883
PMEM,nt,read,random,256,135168,14336,111212,2290296,559,436.625
PMEM,nt,read,random,256,1048576,14336,14336,2281119,556,438.381
PMEM,nt,read,random,256,1052672,14336,14280,2284326,557,437.766
PMEM,nt,read,random,512,131072,14336,114688,2130504,1040,469.372
PMEM,nt,read,random,512,135168,14336,111212,2152937,1051,464.482
PMEM,nt,read,random,512,1048576,14336,14336,2105274,1027,474.997
PMEM,nt,read,random,512,1052672,14336,14280,2182633,1065,458.162
PMEM,nt,read,random,1024,131072,14336,114688,1774070,1732,563.675
PMEM,nt,read,random,1024,135168,14336,111212,1778069,1736,562.408
PMEM,nt,read,random,1024,1048576,14336,14336,1760147,1718,568.134
PMEM,nt,read,random,1024,1052672,14336,14280,1798270,1756,556.09
PMEM,nt,read,random,2048,131072,14336,114688,1195795,2335,836.263
PMEM,nt,read,random,2048,135168,14336,111212,1182630,2309,845.572
PMEM,nt,read,random,2048,1048576,14336,14336,1194990,2333,836.827
PMEM,nt,read,random,2048,1052672,14336,14280,1198900,2341,834.097
PMEM,nt,read,random,4096,131072,14336,114688,672286,2626,1487.46
PMEM,nt,read,random,4096,135168,14336,111212,662929,2589,1508.46
PMEM,nt,read,random,4096,1048576,14336,14336,668397,2610,1496.11
PMEM,nt,read,random,4096,1052672,14336,14280,659140,2574,1517.13
PMEM,nt,read,random,8192,131072,14336,114688,392337,3065,2548.83
PMEM,nt,read,random,8192,135168,14336,111212,391820,3061,2552.19
PMEM,nt,read,random,8192,1048576,14336,14336,392497,3066,2547.79
PMEM,nt,read,random,8192,1052672,14336,14280,390683,3052,2559.62
PMEM,nt,read,random,16384,131072,14336,114688,181453,2835,5511.05
PMEM,nt,read,random,16384,135168,14336,111212,181122,2830,5521.13
PMEM,nt,read,random,16384,1048576,14336,14336,181184,2831,5519.22
PMEM,nt,read,random,16384,1052672,14336,14280,180539,2820,5538.95
PMEM,nt,read,random,32768,131072,14336,114688,90523,2828,11046.9
PMEM,nt,read,random,32768,135168,14336,111212,90792,2837,11014.1
PMEM,nt,read,random,32768,1048576,14336,14336,89890,2809,11124.7
PMEM,nt,read,random,32768,1052672,14336,14280,90278,2821,11076.8
PMEM,nt,read,random,65536,131072,14336,114688,46219,2888,21635.9
PMEM,nt,read,random,65536,135168,14336,111212,46031,2876,21724.1
PMEM,nt,read,random,65536,1048576,14336,14336,46026,2876,21726.5
PMEM,nt,read,random,65536,1052672,14336,14280,45947,2871,21763.8
PMEM,t,read,random,8,131072,14336,114688,2455895,18,407.183
PMEM,t,read,random,8,135168,14336,111212,2577070,19,388.037
PMEM,t,read,random,8,1048576,14336,14336,2459076,18,406.657
PMEM,t,read,random,8,1052672,14336,14280,2213536,16,451.766
PMEM,t,read,random,16,131072,14336,114688,2439899,37,409.853
PMEM,t,read,random,16,135168,14336,111212,2403065,36,416.135
PMEM,t,read,random,16,1048576,14336,14336,2414200,36,414.216
PMEM,t,read,random,16,1052672,14336,14280,2532965,38,394.794
PMEM,t,read,random,32,131072,14336,114688,2431319,74,411.299
PMEM,t,read,random,32,135168,14336,111212,2398149,73,416.988
PMEM,t,read,random,32,1048576,14336,14336,2431507,74,411.268
PMEM,t,read,random,32,1052672,14336,14280,2606988,79,383.584
PMEM,t,read,random,64,131072,14336,114688,2434740,148,410.721
PMEM,t,read,random,64,135168,14336,111212,2504247,152,399.322
PMEM,t,read,random,64,1048576,14336,14336,2414239,147,414.209
PMEM,t,read,random,64,1052672,14336,14280,2458611,150,406.734
PMEM,t,read,random,128,131072,14336,114688,2275080,277,439.545
PMEM,t,read,random,128,135168,14336,111212,2384788,291,419.324
PMEM,t,read,random,128,1048576,14336,14336,2244032,273,445.626
PMEM,t,read,random,128,1052672,14336,14280,2052738,250,487.154
PMEM,t,read,random,256,131072,14336,114688,2290776,559,436.533
PMEM,t,read,random,256,135168,14336,111212,2160643,527,462.825
PMEM,t,read,random,256,1048576,14336,14336,2271021,554,440.33
PMEM,t,read,random,256,1052672,14336,14280,2282538,557,438.109
PMEM,t,read,random,512,131072,14336,114688,2125056,1037,470.576
PMEM,t,read,random,512,135168,14336,111212,2071023,1011,482.853
PMEM,t,read,random,512,1048576,14336,14336,2089613,1020,478.557
PMEM,t,read,random,512,1052672,14336,14280,2199005,1073,454.751
PMEM,t,read,random,1024,131072,14336,114688,1773656,1732,563.807
PMEM,t,read,random,1024,135168,14336,111212,1777556,1735,562.57
PMEM,t,read,random,1024,1048576,14336,14336,1767141,1725,565.886
PMEM,t,read,random,1024,1052672,14336,14280,1793440,1751,557.587
PMEM,t,read,random,2048,131072,14336,114688,1190082,2324,840.278
PMEM,t,read,random,2048,135168,14336,111212,1189829,2323,840.457
PMEM,t,read,random,2048,1048576,14336,14336,1192895,2329,838.296
PMEM,t,read,random,2048,1052672,14336,14280,1195730,2335,836.309
PMEM,t,read,random,4096,131072,14336,114688,671859,2624,1488.41
PMEM,t,read,random,4096,135168,14336,111212,662607,2588,1509.19
PMEM,t,read,random,4096,1048576,14336,14336,667669,2608,1497.75
PMEM,t,read,random,4096,1052672,14336,14280,658292,2571,1519.08
PMEM,t,read,random,8192,131072,14336,114688,392575,3066,2547.28
PMEM,t,read,random,8192,135168,14336,111212,391941,3062,2551.4
PMEM,t,read,random,8192,1048576,14336,14336,391754,3060,2552.62
PMEM,t,read,random,8192,1052672,14336,14280,389475,3042,2567.56
PMEM,t,read,random,16384,131072,14336,114688,181371,2833,5513.55
PMEM,t,read,random,16384,135168,14336,111212,182069,2844,5492.41
PMEM,t,read,random,16384,1048576,14336,14336,181256,2832,5517.05
PMEM,t,read,random,16384,1052672,14336,14280,182000,2843,5494.5
PMEM,t,read,random,32768,131072,14336,114688,91054,2845,10982.4
PMEM,t,read,random,32768,135168,14336,111212,90835,2838,11008.9
PMEM,t,read,random,32768,1048576,14336,14336,90707,2834,11024.4
PMEM,t,read,random,32768,1052672,14336,14280,91086,2846,10978.5
PMEM,t,read,random,65536,131072,14336,114688,46202,2887,21644
PMEM,t,read,random,65536,135168,14336,111212,46147,2884,21669.5
PMEM,t,read,random,65536,1048576,14336,14336,46095,2880,21694.2
PMEM,t,read,random,65536,1052672,14336,14280,45751,2859,21857.2
platform,flush_type,operation,access_pattern,io_size(B),blcok_size(B),data_space_size(MB),count,throughput(op/s),bandwidth(MB),avg_latency(ns)
DRAM_cached,nt,write,sequential,8,131072,14336,114688,24606807,187,40.6392
DRAM_cached,nt,write,sequential,8,135168,14336,111212,23491712,179,42.5682
DRAM_cached,nt,write,sequential,8,1048576,14336,14336,25324684,193,39.4872
DRAM_cached,nt,write,sequential,8,1052672,14336,14280,26395706,201,37.8849
DRAM_cached,nt,write,sequential,16,131072,14336,114688,24679392,376,40.5196
DRAM_cached,nt,write,sequential,16,135168,14336,111212,23472561,358,42.6029
DRAM_cached,nt,write,sequential,16,1048576,14336,14336,25425427,387,39.3307
DRAM_cached,nt,write,sequential,16,1052672,14336,14280,26526894,404,37.6976
DRAM_cached,nt,write,sequential,32,131072,14336,114688,24696169,753,40.4921
DRAM_cached,nt,write,sequential,32,135168,14336,111212,23406110,714,42.7239
DRAM_cached,nt,write,sequential,32,1048576,14336,14336,25478340,777,39.249
DRAM_cached,nt,write,sequential,32,1052672,14336,14280,26554731,810,37.6581
DRAM_cached,nt,write,sequential,64,131072,14336,114688,25125547,1533,39.8001
DRAM_cached,nt,write,sequential,64,135168,14336,111212,21019075,1282,47.5758
DRAM_cached,nt,write,sequential,64,1048576,14336,14336,25283460,1543,39.5515
DRAM_cached,nt,write,sequential,64,1052672,14336,14280,25699849,1568,38.9107
DRAM_cached,nt,write,sequential,128,131072,14336,114688,24373061,2975,41.0289
DRAM_cached,nt,write,sequential,128,135168,14336,111212,18894425,2306,52.9257
DRAM_cached,nt,write,sequential,128,1048576,14336,14336,24071260,2938,41.5433
DRAM_cached,nt,write,sequential,128,1052672,14336,14280,24321247,2968,41.1163
DRAM_cached,nt,write,sequential,256,131072,14336,114688,20115330,4910,49.7133
DRAM_cached,nt,write,sequential,256,135168,14336,111212,16259332,3969,61.5031
DRAM_cached,nt,write,sequential,256,1048576,14336,14336,18613685,4544,53.7239
DRAM_cached,nt,write,sequential,256,1052672,14336,14280,18578591,4535,53.8254
DRAM_cached,nt,write,sequential,512,131072,14336,114688,12694995,6198,78.7712
DRAM_cached,nt,write,sequential,512,135168,14336,111212,11706682,5716,85.4213
DRAM_cached,nt,write,sequential,512,1048576,14336,14336,12316764,6014,81.1902
DRAM_cached,nt,write,sequential,512,1052672,14336,14280,12388329,6048,80.7211
DRAM_cached,nt,write,sequential,1024,131072,14336,114688,7762572,7580,128.823
DRAM_cached,nt,write,sequential,1024,135168,14336,111212,7460394,7285,134.041
DRAM_cached,nt,write,sequential,1024,1048576,14336,14336,7524329,7347,132.902
DRAM_cached,nt,write,sequential,1024,1052672,14336,14280,7507201,7331,133.205
DRAM_cached,nt,write,sequential,2048,131072,14336,114688,4605654,8995,217.124
DRAM_cached,nt,write,sequential,2048,135168,14336,111212,4565414,8916,219.038
DRAM_cached,nt,write,sequential,2048,1048576,14336,14336,4577095,8939,218.479
DRAM_cached,nt,write,sequential,2048,1052672,14336,14280,4527049,8841,220.894
DRAM_cached,nt,write,sequential,4096,131072,14336,114688,2724554,10642,367.032
DRAM_cached,nt,write,sequential,4096,135168,14336,111212,2717652,10615,367.965
DRAM_cached,nt,write,sequential,4096,1048576,14336,14336,2738394,10696,365.177
DRAM_cached,nt,write,sequential,4096,1052672,14336,14280,2687587,10498,372.081
DRAM_cached,nt,write,sequential,8192,131072,14336,114688,1468903,11475,680.78
DRAM_cached,nt,write,sequential,8192,135168,14336,111212,1464909,11444,682.636
DRAM_cached,nt,write,sequential,8192,1048576,14336,14336,1478934,11554,676.162
DRAM_cached,nt,write,sequential,8192,1052672,14336,14280,1479406,11557,675.947
DRAM_cached,nt,write,sequential,16384,131072,14336,114688,766347,11974,1304.89
DRAM_cached,nt,write,sequential,16384,135168,14336,111212,769491,12023,1299.56
DRAM_cached,nt,write,sequential,16384,1048576,14336,14336,773805,12090,1292.31
DRAM_cached,nt,write,sequential,16384,1052672,14336,14280,775412,12115,1289.64
DRAM_cached,nt,write,sequential,32768,131072,14336,114688,389014,12156,2570.6
DRAM_cached,nt,write,sequential,32768,135168,14336,111212,388741,12148,2572.4
DRAM_cached,nt,write,sequential,32768,1048576,14336,14336,389327,12166,2568.53
DRAM_cached,nt,write,sequential,32768,1052672,14336,14280,387639,12113,2579.72
DRAM_cached,nt,write,sequential,65536,131072,14336,114688,196909,12306,5078.48
DRAM_cached,nt,write,sequential,65536,135168,14336,111212,196737,12296,5082.93
DRAM_cached,nt,write,sequential,65536,1048576,14336,14336,196819,12301,5080.79
DRAM_cached,nt,write,sequential,65536,1052672,14336,14280,197039,12314,5075.14
DRAM_cached,t,write,sequential,8,131072,14336,114688,24691884,188,40.4991
DRAM_cached,t,write,sequential,8,135168,14336,111212,23420948,178,42.6968
DRAM_cached,t,write,sequential,8,1048576,14336,14336,25473768,194,39.2561
DRAM_cached,t,write,sequential,8,1052672,14336,14280,26276641,200,38.0566
DRAM_cached,t,write,sequential,16,131072,14336,114688,24713960,377,40.463
DRAM_cached,t,write,sequential,16,135168,14336,111212,23555322,359,42.4533
DRAM_cached,t,write,sequential,16,1048576,14336,14336,25296219,385,39.5316
DRAM_cached,t,write,sequential,16,1052672,14336,14280,26582181,405,37.6192
DRAM_cached,t,write,sequential,32,131072,14336,114688,24762149,755,40.3842
DRAM_cached,t,write,sequential,32,135168,14336,111212,23514545,717,42.5269
DRAM_cached,t,write,sequential,32,1048576,14336,14336,25508442,778,39.2027
DRAM_cached,t,write,sequential,32,1052672,14336,14280,26459175,807,37.7941
DRAM_cached,t,write,sequential,64,131072,14336,114688,25155737,1535,39.7524
DRAM_cached,t,write,sequential,64,135168,14336,111212,21097495,1287,47.399
DRAM_cached,t,write,sequential,64,1048576,14336,14336,24953134,1523,40.0751
DRAM_cached,t,write,sequential,64,1052672,14336,14280,25808598,1575,38.7468
DRAM_cached,t,write,sequential,128,131072,14336,114688,24271801,2962,41.2001
DRAM_cached,t,write,sequential,128,135168,14336,111212,19026813,2322,52.5574
DRAM_cached,t,write,sequential,128,1048576,14336,14336,23425334,2859,42.6888
DRAM_cached,t,write,sequential,128,1052672,14336,14280,23731490,2896,42.1381
DRAM_cached,t,write,sequential,256,131072,14336,114688,19892772,4856,50.2695
DRAM_cached,t,write,sequential,256,135168,14336,111212,16372100,3997,61.0795
DRAM_cached,t,write,sequential,256,1048576,14336,14336,18724987,4571,53.4046
DRAM_cached,t,write,sequential,256,1052672,14336,14280,18917041,4618,52.8624
DRAM_cached,t,write,sequential,512,131072,14336,114688,12607779,6156,79.3161
DRAM_cached,t,write,sequential,512,135168,14336,111212,11767876,5746,84.9771
DRAM_cached,t,write,sequential,512,1048576,14336,14336,12321973,6016,81.1558
DRAM_cached,t,write,sequential,512,1052672,14336,14280,12122962,5919,82.4881
DRAM_cached,t,write,sequential,1024,131072,14336,114688,7731074,7549,129.348
DRAM_cached,t,write,sequential,1024,135168,14336,111212,7521280,7345,132.956
DRAM_cached,t,write,sequential,1024,1048576,14336,14336,7615542,7437,131.31
DRAM_cached,t,write,sequential,1024,1052672,14336,14280,7564149,7386,132.203
DRAM_cached,t,write,sequential,2048,131072,14336,114688,4595444,8975,217.607
DRAM_cached,t,write,sequential,2048,135168,14336,111212,4558441,8903,219.373
DRAM_cached,t,write,sequential,2048,1048576,14336,14336,4593969,8972,217.677
DRAM_cached,t,write,sequential,2048,1052672,14336,14280,4579649,8944,218.357
DRAM_cached,t,write,sequential,4096,131072,14336,114688,2711244,10590,368.834
DRAM_cached,t,write,sequential,4096,135168,14336,111212,2717539,10615,367.98
DRAM_cached,t,write,sequential,4096,1048576,14336,14336,2742375,10712,364.647
DRAM_cached,t,write,sequential,4096,1052672,14336,14280,2712980,10597,368.598
DRAM_cached,t,write,sequential,8192,131072,14336,114688,1463885,11436,683.113
DRAM_cached,t,write,sequential,8192,135168,14336,111212,1462599,11426,683.714
DRAM_cached,t,write,sequential,8192,1048576,14336,14336,1464921,11444,682.63
DRAM_cached,t,write,sequential,8192,1052672,14336,14280,1474329,11518,678.274
DRAM_cached,t,write,sequential,16384,131072,14336,114688,764137,11939,1308.66
DRAM_cached,t,write,sequential,16384,135168,14336,111212,765945,11967,1305.58
DRAM_cached,t,write,sequential,16384,1048576,14336,14336,771413,12053,1296.32
DRAM_cached,t,write,sequential,16384,1052672,14336,14280,769423,12022,1299.67
DRAM_cached,t,write,sequential,32768,131072,14336,114688,387762,12117,2578.9
DRAM_cached,t,write,sequential,32768,135168,14336,111212,387727,12116,2579.13
DRAM_cached,t,write,sequential,32768,1048576,14336,14336,388527,12141,2573.82
DRAM_cached,t,write,sequential,32768,1052672,14336,14280,388396,12137,2574.69
DRAM_cached,t,write,sequential,65536,131072,14336,114688,196664,12291,5084.81
DRAM_cached,t,write,sequential,65536,135168,14336,111212,196738,12296,5082.88
DRAM_cached,t,write,sequential,65536,1048576,14336,14336,197367,12335,5066.68
DRAM_cached,t,write,sequential,65536,1052672,14336,14280,196779,12298,5081.83
DRAM_cached,nt,write,random,8,131072,14336,114688,25266749,192,39.5777
DRAM_cached,nt,write,random,8,135168,14336,111212,25697208,196,38.9147
DRAM_cached,nt,write,random,8,1048576,14336,14336,25363889,193,39.4261
DRAM_cached,nt,write,random,8,1052672,14336,14280,26566891,202,37.6408
DRAM_cached,nt,write,random,16,131072,14336,114688,25198699,384,39.6846
DRAM_cached,nt,write,random,16,135168,14336,111212,25581573,390,39.0906
DRAM_cached,nt,write,random,16,1048576,14336,14336,25361600,386,39.4297
DRAM_cached,nt,write,random,16,1052672,14336,14280,26819959,409,37.2857
DRAM_cached,nt,write,random,32,131072,14336,114688,25202880,769,39.678
DRAM_cached,nt,write,random,32,135168,14336,111212,25534600,779,39.1625
DRAM_cached,nt,write,random,32,1048576,14336,14336,25607041,781,39.0518
DRAM_cached,nt,write,random,32,1052672,14336,14280,26644661,813,37.531
DRAM_cached,nt,write,random,64,131072,14336,114688,25177998,1536,39.7172
DRAM_cached,nt,write,random,64,135168,14336,111212,25165228,1535,39.7374
DRAM_cached,nt,write,random,64,1048576,14336,14336,25101247,1532,39.8387
DRAM_cached,nt,write,random,64,1052672,14336,14280,25664725,1566,38.964
DRAM_cached,nt,write,random,128,131072,14336,114688,24026661,2932,41.6204
DRAM_cached,nt,write,random,128,135168,14336,111212,23855164,2912,41.9196
DRAM_cached,nt,write,random,128,1048576,14336,14336,23657273,2887,42.2703
DRAM_cached,nt,write,random,128,1052672,14336,14280,24220866,2956,41.2867
DRAM_cached,nt,write,random,256,131072,14336,114688,19177011,4681,52.1458
DRAM_cached,nt,write,random,256,135168,14336,111212,19352574,4724,51.6727
DRAM_cached,nt,write,random,256,1048576,14336,14336,18630158,4548,53.6764
DRAM_cached,nt,write,random,256,1052672,14336,14280,19160673,4677,52.1902
DRAM_cached,nt,write,random,512,131072,14336,114688,12170882,5942,82.1633
DRAM_cached,nt,write,random,512,135168,14336,111212,12202182,5958,81.9525
DRAM_cached,nt,write,random,512,1048576,14336,14336,11930083,5825,83.8217
DRAM_cached,nt,write,random,512,1052672,14336,14280,12192631,5953,82.0167
DRAM_cached,nt,write,random,1024,131072,14336,114688,7608374,7430,131.434
DRAM_cached,nt,write,random,1024,135168,14336,111212,7583620,7405,131.863
DRAM_cached,nt,write,random,1024,1048576,14336,14336,7621818,7443,131.202
DRAM_cached,nt,write,random,1024,1052672,14336,14280,7550056,7373,132.449
DRAM_cached,nt,write,random,2048,131072,14336,114688,4545879,8878,219.979
DRAM_cached,nt,write,random,2048,135168,14336,111212,4510382,8809,221.711
DRAM_cached,nt,write,random,2048,1048576,14336,14336,4522435,8832,221.12
DRAM_cached,nt,write,random,2048,1052672,14336,14280,4537324,8861,220.394
DRAM_cached,nt,write,random,4096,131072,14336,114688,2767221,10809,361.373
DRAM_cached,nt,write,random,4096,135168,14336,111212,2716309,10610,368.147
DRAM_cached,nt,write,random,4096,1048576,14336,14336,2780915,10862,359.594
DRAM_cached,nt,write,random,4096,1052672,14336,14280,2737303,10692,365.323
DRAM_cached,nt,write,random,8192,131072,14336,114688,1489639,11637,671.303
DRAM_cached,nt,write,random,8192,135168,14336,111212,1479496,11558,675.905
DRAM_cached,nt,write,random,8192,1048576,14336,14336,1502115,11735,665.728
DRAM_cached,nt,write,random,8192,1052672,14336,14280,1484866,11600,673.461
DRAM_cached,nt,write,random,16384,131072,14336,114688,774426,12100,1291.28
DRAM_cached,nt,write,random,16384,135168,14336,111212,767099,11985,1303.61
DRAM_cached,nt,write,random,16384,1048576,14336,14336,775667,12119,1289.21
DRAM_cached,nt,write,random,16384,1052672,14336,14280,767149,11986,1303.53
DRAM_cached,nt,write,random,32768,131072,14336,114688,388316,12134,2575.22
DRAM_cached,nt,write,random,32768,135168,14336,111212,386252,12070,2588.98
DRAM_cached,nt,write,random,32768,1048576,14336,14336,388714,12147,2572.58
DRAM_cached,nt,write,random,32768,1052672,14336,14280,384232,12007,2602.59
DRAM_cached,nt,write,random,65536,131072,14336,114688,196212,12263,5096.51
DRAM_cached,nt,write,random,65536,135168,14336,111212,196069,12254,5100.23
DRAM_cached,nt,write,random,65536,1048576,14336,14336,195966,12247,5102.92
DRAM_cached,nt,write,random,65536,1052672,14336,14280,195878,12242,5105.21
DRAM_cached,t,write,random,8,131072,14336,114688,25134126,191,39.7865
DRAM_cached,t,write,random,8,135168,14336,111212,25747309,196,38.839
DRAM_cached,t,write,random,8,1048576,14336,14336,25713460,196,38.8901
DRAM_cached,t,write,random,8,1052672,14336,14280,26146377,199,38.2462
DRAM_cached,t,write,random,16,131072,14336,114688,25233844,385,39.6293
DRAM_cached,t,write,random,16,135168,14336,111212,25666943,391,38.9606
DRAM_cached,t,write,random,16,1048576,14336,14336,25734277,392,38.8587
DRAM_cached,t,write,random,16,1052672,14336,14280,26542336,405,37.6757
DRAM_cached,t,write,random,32,131072,14336,114688,25191802,768,39.6955
DRAM_cached,t,write,random,32,135168,14336,111212,25563437,780,39.1184
DRAM_cached,t,write,random,32,1048576,14336,14336,25409834,775,39.3548
DRAM_cached,t,write,random,32,1052672,14336,14280,26326420,803,37.9847
DRAM_cached,t,write,random,64,131072,14336,114688,25128983,1533,39.7947
DRAM_cached,t,write,random,64,135168,14336,111212,25067156,1529,39.8928
DRAM_cached,t,write,random,64,1048576,14336,14336,24695781,1507,40.4927
DRAM_cached,t,write,random,64,1052672,14336,14280,25766662,1572,38.8098
DRAM_cached,t,write,random,128,131072,14336,114688,24098729,2941,41.496
DRAM_cached,t,write,random,128,135168,14336,111212,23980218,2927,41.701
DRAM_cached,t,write,random,128,1048576,14336,14336,24087680,2940,41.515
DRAM_cached,t,write,random,128,1052672,14336,14280,24372750,2975,41.0294
DRAM_cached,t,write,random,256,131072,14336,114688,19170785,4680,52.1627
DRAM_cached,t,write,random,256,135168,14336,111212,19381138,4731,51.5966
DRAM_cached,t,write,random,256,1048576,14336,14336,19133928,4671,52.2632
DRAM_cached,t,write,random,256,1052672,14336,14280,19442366,4746,51.4341
DRAM_cached,t,write,random,512,131072,14336,114688,12149174,5932,82.3101
DRAM_cached,t,write,random,512,135168,14336,111212,12253010,5982,81.6126
DRAM_cached,t,write,random,512,1048576,14336,14336,12157229,5936,82.2556
DRAM_cached,t,write,random,512,1052672,14336,14280,12049504,5883,82.991
DRAM_cached,t,write,random,1024,131072,14336,114688,7596520,7418,131.639
DRAM_cached,t,write,random,1024,135168,14336,111212,7585113,7407,131.837
DRAM_cached,t,write,random,1024,1048576,14336,14336,7532461,7355,132.759
DRAM_cached,t,write,random,1024,1052672,14336,14280,7524882,7348,132.892
DRAM_cached,t,write,random,2048,131072,14336,114688,4502388,8793,222.104
DRAM_cached,t,write,random,2048,135168,14336,111212,4480266,8750,223.201
DRAM_cached,t,write,random,2048,1048576,14336,14336,4539547,8866,220.286
DRAM_cached,t,write,random,2048,1052672,14336,14280,4459340,8709,224.248
DRAM_cached,t,write,random,4096,131072,14336,114688,2749650,10740,363.683
DRAM_cached,t,write,random,4096,135168,14336,111212,2710698,10588,368.909
DRAM_cached,t,write,random,4096,1048576,14336,14336,2770303,10821,360.971
DRAM_cached,t,write,random,4096,1052672,14336,14280,2689870,10507,371.765
DRAM_cached,t,write,random,8192,131072,14336,114688,1485595,11606,673.131
DRAM_cached,t,write,random,8192,135168,14336,111212,1475449,11526,677.76
DRAM_cached,t,write,random,8192,1048576,14336,14336,1500926,11725,666.255
DRAM_cached,t,write,random,8192,1052672,14336,14280,1484994,11601,673.403
DRAM_cached,t,write,random,16384,131072,14336,114688,773710,12089,1292.47
DRAM_cached,t,write,random,16384,135168,14336,111212,764963,11952,1307.25
DRAM_cached,t,write,random,16384,1048576,14336,14336,776453,12132,1287.91
DRAM_cached,t,write,random,16384,1052672,14336,14280,767942,11999,1302.18
DRAM_cached,t,write,random,32768,131072,14336,114688,388730,12147,2572.48
DRAM_cached,t,write,random,32768,135168,14336,111212,386200,12068,2589.33
DRAM_cached,t,write,random,32768,1048576,14336,14336,388362,12136,2574.92
DRAM_cached,t,write,random,32768,1052672,14336,14280,385038,12032,2597.14
DRAM_cached,t,write,random,65536,131072,14336,114688,196280,12267,5094.75
DRAM_cached,t,write,random,65536,135168,14336,111212,195864,12241,5105.58
DRAM_cached,t,write,random,65536,1048576,14336,14336,196279,12267,5094.77
DRAM_cached,t,write,random,65536,1052672,14336,14280,196145,12259,5098.25
DRAM_cached,nt,read,sequential,8,131072,14336,114688,11832209,90,84.5151
DRAM_cached,nt,read,sequential,8,135168,14336,111212,12386305,94,80.7343
DRAM_cached,nt,read,sequential,8,1048576,14336,14336,11261675,85,88.7967
DRAM_cached,nt,read,sequential,8,1052672,14336,14280,11351245,86,88.0961
DRAM_cached,nt,read,sequential,16,131072,14336,114688,11755429,179,85.0671
DRAM_cached,nt,read,sequential,16,135168,14336,111212,12281345,187,81.4243
DRAM_cached,nt,read,sequential,16,1048576,14336,14336,11109328,169,90.0144
DRAM_cached,nt,read,sequential,16,1052672,14336,14280,11137696,169,89.7852
DRAM_cached,nt,read,sequential,32,131072,14336,114688,11526390,351,86.7574
DRAM_cached,nt,read,sequential,32,135168,14336,111212,12101547,369,82.6341
DRAM_cached,nt,read,sequential,32,1048576,14336,14336,10946193,334,91.356
DRAM_cached,nt,read,sequential,32,1052672,14336,14280,10874493,331,91.9583
DRAM_cached,nt,read,sequential,64,131072,14336,114688,11183377,682,89.4184
DRAM_cached,nt,read,sequential,64,135168,14336,111212,11643745,710,85.883
DRAM_cached,nt,read,sequential,64,1048576,14336,14336,10309359,629,96.9992
DRAM_cached,nt,read,sequential,64,1052672,14336,14280,10523195,642,95.0282
DRAM_cached,nt,read,sequential,128,131072,14336,114688,10586446,1292,94.4604
DRAM_cached,nt,read,sequential,128,135168,14336,111212,11093539,1354,90.1426
DRAM_cached,nt,read,sequential,128,1048576,14336,14336,9992667,1219,100.073
DRAM_cached,nt,read,sequential,128,1052672,14336,14280,10007881,1221,99.9212
DRAM_cached,nt,read,sequential,256,131072,14336,114688,10824646,2642,92.3818
DRAM_cached,nt,read,sequential,256,135168,14336,111212,11421649,2788,87.553
DRAM_cached,nt,read,sequential,256,1048576,14336,14336,9827147,2399,101.759
DRAM_cached,nt,read,sequential,256,1052672,14336,14280,9979470,2436,100.206
DRAM_cached,nt,read,sequential,512,131072,14336,114688,9892333,4830,101.088
DRAM_cached,nt,read,sequential,512,135168,14336,111212,10418772,5087,95.9806
DRAM_cached,nt,read,sequential,512,1048576,14336,14336,8932732,4361,111.948
DRAM_cached,nt,read,sequential,512,1052672,14336,14280,9028996,4408,110.754
DRAM_cached,nt,read,sequential,1024,131072,14336,114688,6068565,5926,164.784
DRAM_cached,nt,read,sequential,1024,135168,14336,111212,5867598,5730,170.427
DRAM_cached,nt,read,sequential,1024,1048576,14336,14336,5715866,5581,174.952
DRAM_cached,nt,read,sequential,1024,1052672,14336,14280,5799018,5663,172.443
DRAM_cached,nt,read,sequential,2048,131072,14336,114688,3295889,6437,303.408
DRAM_cached,nt,read,sequential,2048,135168,14336,111212,3344456,6532,299.002
DRAM_cached,nt,read,sequential,2048,1048576,14336,14336,3309546,6463,302.156
DRAM_cached,nt,read,sequential,2048,1052672,14336,14280,3294972,6435,303.493
DRAM_cached,nt,read,sequential,4096,131072,14336,114688,2329035,9097,429.362
DRAM_cached,nt,read,sequential,4096,135168,14336,111212,2316703,9049,431.648
DRAM_cached,nt,read,sequential,4096,1048576,14336,14336,2272172,8875,440.107
DRAM_cached,nt,read,sequential,4096,1052672,14336,14280,2294369,8962,435.85
DRAM_cached,nt,read,sequential,8192,131072,14336,114688,1188013,9281,841.741
DRAM_cached,nt,read,sequential,8192,135168,14336,111212,1206398,9424,828.914
DRAM_cached,nt,read,sequential,8192,1048576,14336,14336,1196520,9347,835.757
DRAM_cached,nt,read,sequential,8192,1052672,14336,14280,1188613,9286,841.317
DRAM_cached,nt,read,sequential,16384,131072,14336,114688,422760,6605,2365.4
DRAM_cached,nt,read,sequential,16384,135168,14336,111212,422389,6599,2367.48
DRAM_cached,nt,read,sequential,16384,1048576,14336,14336,419696,6557,2382.67
DRAM_cached,nt,read,sequential,16384,1052672,14336,14280,419212,6550,2385.42
DRAM_cached,nt,read,sequential,32768,131072,14336,114688,198600,6206,5035.24
DRAM_cached,nt,read,sequential,32768,135168,14336,111212,198202,6193,5045.33
DRAM_cached,nt,read,sequential,32768,1048576,14336,14336,197355,6167,5067
DRAM_cached,nt,read,sequential,32768,1052672,14336,14280,197414,6169,5065.48
DRAM_cached,nt,read,sequential,65536,131072,14336,114688,99605,6225,10039.6
DRAM_cached,nt,read,sequential,65536,135168,14336,111212,99511,6219,10049.1
DRAM_cached,nt,read,sequential,65536,1048576,14336,14336,99549,6221,10045.3
DRAM_cached,nt,read,sequential,65536,1052672,14336,14280,99736,6233,10026.4
DRAM_cached,t,read,sequential,8,131072,14336,114688,11734194,89,85.221
DRAM_cached,t,read,sequential,8,135168,14336,111212,12290384,93,81.3644
DRAM_cached,t,read,sequential,8,1048576,14336,14336,10915240,83,91.615
DRAM_cached,t,read,sequential,8,1052672,14336,14280,11013866,84,90.7946
DRAM_cached,t,read,sequential,16,131072,14336,114688,11658504,177,85.7743
DRAM_cached,t,read,sequential,16,135168,14336,111212,12223139,186,81.812
DRAM_cached,t,read,sequential,16,1048576,14336,14336,10933929,166,91.4584
DRAM_cached,t,read,sequential,16,1052672,14336,14280,10981730,167,91.0603
DRAM_cached,t,read,sequential,32,131072,14336,114688,11443764,349,87.3838
DRAM_cached,t,read,sequential,32,135168,14336,111212,12029221,367,83.1309
DRAM_cached,t,read,sequential,32,1048576,14336,14336,10862984,331,92.0557
DRAM_cached,t,read,sequential,32,1052672,14336,14280,10813038,329,92.4809
DRAM_cached,t,read,sequential,64,131072,14336,114688,11013304,672,90.7993
DRAM_cached,t,read,sequential,64,135168,14336,111212,11577192,706,86.3767
DRAM_cached,t,read,sequential,64,1048576,14336,14336,10359144,632,96.5331
DRAM_cached,t,read,sequential,64,1052672,14336,14280,10160219,620,98.4231
DRAM_cached,t,read,sequential,128,131072,14336,114688,10505825,1282,95.1853
DRAM_cached,t,read,sequential,128,135168,14336,111212,11008801,1343,90.8364
DRAM_cached,t,read,sequential,128,1048576,14336,14336,10010250,1221,99.8976
DRAM_cached,t,read,sequential,128,1052672,14336,14280,10082399,1230,99.1827
DRAM_cached,t,read,sequential,256,131072,14336,114688,10879076,2656,91.9196
DRAM_cached,t,read,sequential,256,135168,14336,111212,11394210,2781,87.7639
DRAM_cached,t,read,sequential,256,1048576,14336,14336,10061883,2456,99.385
DRAM_cached,t,read,sequential,256,1052672,14336,14280,9512719,2322,105.122
DRAM_cached,t,read,sequential,512,131072,14336,114688,9865849,4817,101.36
DRAM_cached,t,read,sequential,512,135168,14336,111212,10434501,5094,95.8359
DRAM_cached,t,read,sequential,512,1048576,14336,14336,8947808,4369,111.759
DRAM_cached,t,read,sequential,512,1052672,14336,14280,9098715,4442,109.906
DRAM_cached,t,read,sequential,1024,131072,14336,114688,6085049,5942,164.337
DRAM_cached,t,read,sequential,1024,135168,14336,111212,5858665,5721,170.687
DRAM_cached,t,read,sequential,1024,1048576,14336,14336,5776454,5641,173.117
DRAM_cached,t,read,sequential,1024,1052672,14336,14280,5771720,5636,173.259
DRAM_cached,t,read,sequential,2048,131072,14336,114688,3279667,6405,304.909
DRAM_cached,t,read,sequential,2048,135168,14336,111212,3323921,6492,300.849
DRAM_cached,t,read,sequential,2048,1048576,14336,14336,3328630,6501,300.424
DRAM_cached,t,read,sequential,2048,1052672,14336,14280,3306334,6457,302.45
DRAM_cached,t,read,sequential,4096,131072,14336,114688,2322736,9073,430.527
DRAM_cached,t,read,sequential,4096,135168,14336,111212,2305093,9004,433.822
DRAM_cached,t,read,sequential,4096,1048576,14336,14336,2260375,8829,442.404
DRAM_cached,t,read,sequential,4096,1052672,14336,14280,2294579,8963,435.81
DRAM_cached,t,read,sequential,8192,131072,14336,114688,1188105,9282,841.676
DRAM_cached,t,read,sequential,8192,135168,14336,111212,1201692,9388,832.16
DRAM_cached,t,read,sequential,8192,1048576,14336,14336,1191071,9305,839.58
DRAM_cached,t,read,sequential,8192,1052672,14336,14280,1182254,9236,845.841
DRAM_cached,t,read,sequential,16384,131072,14336,114688,419804,6559,2382.06
DRAM_cached,t,read,sequential,16384,135168,14336,111212,420779,6574,2376.54
DRAM_cached,t,read,sequential,16384,1048576,14336,14336,419411,6553,2384.29
DRAM_cached,t,read,sequential,16384,1052672,14336,14280,417890,6529,2392.97
DRAM_cached,t,read,sequential,32768,131072,14336,114688,198176,6193,5046.01
DRAM_cached,t,read,sequential,32768,135168,14336,111212,198656,6208,5033.82
DRAM_cached,t,read,sequential,32768,1048576,14336,14336,199086,6221,5022.95
DRAM_cached,t,read,sequential,32768,1052672,14336,14280,198187,6193,5045.71
DRAM_cached,t,read,sequential,65536,131072,14336,114688,99794,6237,10020.6
DRAM_cached,t,read,sequential,65536,135168,14336,111212,99733,6233,10026.7
DRAM_cached,t,read,sequential,65536,1048576,14336,14336,99738,6233,10026.2
DRAM_cached,t,read,sequential,65536,1052672,14336,14280,99743,6233,10025.8
DRAM_cached,nt,read,random,8,131072,14336,114688,10810575,82,92.502
DRAM_cached,nt,read,random,8,135168,14336,111212,10914439,83,91.6217
DRAM_cached,nt,read,random,8,1048576,14336,14336,10535591,80,94.9164
DRAM_cached,nt,read,random,8,1052672,14336,14280,10655915,81,93.8446
DRAM_cached,nt,read,random,16,131072,14336,114688,10773643,164,92.8191
DRAM_cached,nt,read,random,16,135168,14336,111212,10862820,165,92.0571
DRAM_cached,nt,read,random,16,1048576,14336,14336,10549134,160,94.7945
DRAM_cached,nt,read,random,16,1052672,14336,14280,10626013,162,94.1087
DRAM_cached,nt,read,random,32,131072,14336,114688,10590658,323,94.4228
DRAM_cached,nt,read,random,32,135168,14336,111212,10711846,326,93.3546
DRAM_cached,nt,read,random,32,1048576,14336,14336,10371225,316,96.4206
DRAM_cached,nt,read,random,32,1052672,14336,14280,10532740,321,94.9421
DRAM_cached,nt,read,random,64,131072,14336,114688,10181246,621,98.2198
DRAM_cached,nt,read,random,64,135168,14336,111212,10210646,623,97.937
DRAM_cached,nt,read,random,64,1048576,14336,14336,9913505,605,100.872
DRAM_cached,nt,read,random,64,1052672,14336,14280,9979554,609,100.205
DRAM_cached,nt,read,random,128,131072,14336,114688,9791797,1195,102.126
DRAM_cached,nt,read,random,128,135168,14336,111212,9869093,1204,101.326
DRAM_cached,nt,read,random,128,1048576,14336,14336,9582701,1169,104.355
DRAM_cached,nt,read,random,128,1052672,14336,14280,9647167,1177,103.657
DRAM_cached,nt,read,random,256,131072,14336,114688,10006194,2442,99.9381
DRAM_cached,nt,read,random,256,135168,14336,111212,10021238,2446,99.7881
DRAM_cached,nt,read,random,256,1048576,14336,14336,9779464,2387,102.255
DRAM_cached,nt,read,random,256,1052672,14336,14280,9778684,2387,102.263
DRAM_cached,nt,read,random,512,131072,14336,114688,8637655,4217,115.772
DRAM_cached,nt,read,random,512,135168,14336,111212,8511705,4156,117.485
DRAM_cached,nt,read,random,512,1048576,14336,14336,8436439,4119,118.533
DRAM_cached,nt,read,random,512,1052672,14336,14280,8362243,4083,119.585
DRAM_cached,nt,read,random,1024,131072,14336,114688,5640772,5508,177.281
DRAM_cached,nt,read,random,1024,135168,14336,111212,5558942,5428,179.89
DRAM_cached,nt,read,random,1024,1048576,14336,14336,5564204,5433,179.72
DRAM_cached,nt,read,random,1024,1052672,14336,14280,5567453,5436,179.615
DRAM_cached,nt,read,random,2048,131072,14336,114688,3282220,6410,304.672
DRAM_cached,nt,read,random,2048,135168,14336,111212,3251231,6350,307.576
DRAM_cached,nt,read,random,2048,1048576,14336,14336,3209942,6269,311.532
DRAM_cached,nt,read,random,2048,1052672,14336,14280,3228392,6305,309.752
DRAM_cached,nt,read,random,4096,131072,14336,114688,2253058,8801,443.841
DRAM_cached,nt,read,random,4096,135168,14336,111212,2221111,8676,450.225
DRAM_cached,nt,read,random,4096,1048576,14336,14336,2237057,8738,447.016
DRAM_cached,nt,read,random,4096,1052672,14336,14280,2208905,8628,452.713
DRAM_cached,nt,read,random,8192,131072,14336,114688,1180064,9219,847.411
DRAM_cached,nt,read,random,8192,135168,14336,111212,1169900,9139,854.774
DRAM_cached,nt,read,random,8192,1048576,14336,14336,1174512,9175,851.417
DRAM_cached,nt,read,random,8192,1052672,14336,14280,1156319,9033,864.813
DRAM_cached,nt,read,random,16384,131072,14336,114688,418292,6535,2390.67
DRAM_cached,nt,read,random,16384,135168,14336,111212,416970,6515,2398.25
DRAM_cached,nt,read,random,16384,1048576,14336,14336,417832,6528,2393.3
DRAM_cached,nt,read,random,16384,1052672,14336,14280,417160,6518,2397.16
DRAM_cached,nt,read,random,32768,131072,14336,114688,198551,6204,5036.49
DRAM_cached,nt,read,random,32768,135168,14336,111212,197947,6185,5051.84
DRAM_cached,nt,read,random,32768,1048576,14336,14336,197887,6183,5053.38
DRAM_cached,nt,read,random,32768,1052672,14336,14280,198323,6197,5042.27
DRAM_cached,nt,read,random,65536,131072,14336,114688,99671,6229,10032.9
DRAM_cached,nt,read,random,65536,135168,14336,111212,99599,6224,10040.2
DRAM_cached,nt,read,random,65536,1048576,14336,14336,99491,6218,10051.1
DRAM_cached,nt,read,random,65536,1052672,14336,14280,99423,6213,10058
DRAM_cached,t,read,random,8,131072,14336,114688,10838989,82,92.2595
DRAM_cached,t,read,random,8,135168,14336,111212,10866258,82,92.028
DRAM_cached,t,read,random,8,1048576,14336,14336,10501717,80,95.2225
DRAM_cached,t,read,random,8,1052672,14336,14280,10675818,81,93.6696
DRAM_cached,t,read,random,16,131072,14336,114688,10703038,163,93.4314
DRAM_cached,t,read,random,16,135168,14336,111212,10792637,164,92.6558
DRAM_cached,t,read,random,16,1048576,14336,14336,10440829,159,95.7778
DRAM_cached,t,read,random,16,1052672,14336,14280,10629914,162,94.0741
DRAM_cached,t,read,random,32,131072,14336,114688,10633292,324,94.0443
DRAM_cached,t,read,random,32,135168,14336,111212,10641078,324,93.9754
DRAM_cached,t,read,random,32,1048576,14336,14336,10361990,316,96.5066
DRAM_cached,t,read,random,32,1052672,14336,14280,10529756,321,94.969
DRAM_cached,t,read,random,64,131072,14336,114688,10165530,620,98.3717
DRAM_cached,t,read,random,64,135168,14336,111212,10216752,623,97.8785
DRAM_cached,t,read,random,64,1048576,14336,14336,9917064,605,100.836
DRAM_cached,t,read,random,64,1052672,14336,14280,10002473,610,99.9753
DRAM_cached,t,read,random,128,131072,14336,114688,9739515,1188,102.675
DRAM_cached,t,read,random,128,135168,14336,111212,9780599,1193,102.243
DRAM_cached,t,read,random,128,1048576,14336,14336,9579084,1169,104.394
DRAM_cached,t,read,random,128,1052672,14336,14280,9720700,1186,102.873
DRAM_cached,t,read,random,256,131072,14336,114688,9942649,2427,100.577
DRAM_cached,t,read,random,256,135168,14336,111212,10026001,2447,99.7407
DRAM_cached,t,read,random,256,1048576,14336,14336,9790697,2390,102.138
DRAM_cached,t,read,random,256,1052672,14336,14280,9875333,2410,101.262
DRAM_cached,t,read,random,512,131072,14336,114688,8549445,4174,116.967
DRAM_cached,t,read,random,512,135168,14336,111212,8549397,4174,116.967
DRAM_cached,t,read,random,512,1048576,14336,14336,8480807,4141,117.913
DRAM_cached,t,read,random,512,1052672,14336,14280,8455502,4128,118.266
DRAM_cached,t,read,random,1024,131072,14336,114688,5622996,5491,177.841
DRAM_cached,t,read,random,1024,135168,14336,111212,5591521,5460,178.842
DRAM_cached,t,read,random,1024,1048576,14336,14336,5605873,5474,178.384
DRAM_cached,t,read,random,1024,1052672,14336,14280,5563694,5433,179.737
DRAM_cached,t,read,random,2048,131072,14336,114688,3270454,6387,305.768
DRAM_cached,t,read,random,2048,135168,14336,111212,3246115,6340,308.061
DRAM_cached,t,read,random,2048,1048576,14336,14336,3270236,6387,305.788
DRAM_cached,t,read,random,2048,1052672,14336,14280,3255776,6358,307.146
DRAM_cached,t,read,random,4096,131072,14336,114688,2265252,8848,441.452
DRAM_cached,t,read,random,4096,135168,14336,111212,2216930,8659,451.074
DRAM_cached,t,read,random,4096,1048576,14336,14336,2256829,8815,443.099
DRAM_cached,t,read,random,4096,1052672,14336,14280,2200764,8596,454.387
DRAM_cached,t,read,random,8192,131072,14336,114688,1181015,9226,846.729
DRAM_cached,t,read,random,8192,135168,14336,111212,1168345,9127,855.912
DRAM_cached,t,read,random,8192,1048576,14336,14336,1176110,9188,850.26
DRAM_cached,t,read,random,8192,1052672,14336,14280,1165871,9108,857.727
DRAM_cached,t,read,random,16384,131072,14336,114688,416559,6508,2400.62
DRAM_cached,t,read,random,16384,135168,14336,111212,417064,6516,2397.71
DRAM_cached,t,read,random,16384,1048576,14336,14336,418239,6534,2390.98
DRAM_cached,t,read,random,16384,1052672,14336,14280,415106,6486,2409.02
DRAM_cached,t,read,random,32768,131072,14336,114688,197817,6181,5055.16
DRAM_cached,t,read,random,32768,135168,14336,111212,197560,6173,5061.74
DRAM_cached,t,read,random,32768,1048576,14336,14336,197815,6181,5055.22
DRAM_cached,t,read,random,32768,1052672,14336,14280,197686,6177,5058.53
DRAM_cached,t,read,random,65536,131072,14336,114688,99821,6238,10017.9
DRAM_cached,t,read,random,65536,135168,14336,111212,99700,6231,10030.1
DRAM_cached,t,read,random,65536,1048576,14336,14336,99741,6233,10025.9
DRAM_cached,t,read,random,65536,1052672,14336,14280,99648,6228,10035.3
